<?xml version="1.0" encoding="utf-8"?>
<extension type="component" version="4.0" method="upgrade">

    <name>Student Stats</name>
    <!-- The following elements are optional and free of formatting constraints -->
    <creationDate>June 2022</creationDate>
    <!-- Dummy author, feel free to replace anywhere you see it-->
    <author>Michael Harris</author>
    <copyright>Michael Harris</copyright>
    <license>GPL v3</license>
    <!--  The version string is recorded in the components table -->
    <version>0.0.5</version>
    <!-- The description is optional and defaults to the name -->
    <description>
        Student Stats for Report System
    </description>

    <!-- This is the PHP namespace under which the extension's
    code is organised. It should follow this format:
    
    Vendor\Component\ComponentName

    "Vendor" can be your company or your own name
    
    The "ComponentName" section MUST match the name used 
    everywhere else for your component. Whatever the name of 
    this XML file is, the namespace must match (ignoring CamelCase). 
    -->
    <namespace path="src/">MichaelHarris\Component\studentstats</namespace>

    <files folder="site/">
        <folder>src</folder>
        <folder>tmpl</folder>
    </files>

    

    <administration>
        <!-- The link that will appear in the Admin panel's "Components" menu -->
        <menu link="index.php?option=com_studentstats">Student Stats!</menu>
        <!-- List of files and folders to copy, and where to copy them -->
        <files folder="admin/">
            <folder>language</folder>
            <folder>services</folder>
            <folder>src</folder>
            <folder>tmpl</folder>
        </files>

        <languages>
            <language tag="en-GB">admin/language/en-GB/en-GB.com_studentstats.ini</language>
            <language tag="en-GB">admin/language/en-GB/en-GB.com_studentstats.sys.ini</language>
        </languages>
    </administration>

</extension>